<Anims>
 <anim name="idle" root="trashcan" numframes="1000" framerate="40">
  <frame idx="0" w="549" h="766" x="-24.500000" y="-276.623718">
   <element name="trashcan/images" layername="timeline_0" frame="1" z_index="9" m_a="1.000000" m_b="0.000000" m_c="0.000000" m_d="1.000000" m_tx="-89.000000" m_ty="-0.666667"/>
   <element name="trashcan" layername="timeline_1" frame="1" z_index="8" m_a="0.587533" m_b="0.000000" m_c="0.000000" m_d="0.587108" m_tx="-91.280502" m_ty="-194.423340"/>
   <element name="trashcan" layername="timeline_2" frame="2" z_index="7" m_a="0.587533" m_b="0.000000" m_c="0.000000" m_d="0.587108" m_tx="-94.218170" m_ty="-274.857147"/>
  </frame>
  <frame idx="25" w="549" h="766" x="-24.500000" y="-276.623718">
   <element name="trashcan/images" layername="timeline_0" frame="1" z_index="9" m_a="1.000000" m_b="0.000000" m_c="0.000000" m_d="1.000000" m_tx="-89.000000" m_ty="-0.666667"/>
   <element name="trashcan" layername="timeline_1" frame="1" z_index="8" m_a="0.587533" m_b="0.000000" m_c="0.000000" m_d="0.587108" m_tx="-91.280502" m_ty="-194.423340"/>
   <element name="trashcan" layername="timeline_2" frame="2" z_index="7" m_a="0.587533" m_b="0.000000" m_c="0.000000" m_d="0.587108" m_tx="-94.218170" m_ty="-274.857147"/>
  </frame>
  <frame idx="50" w="549" h="766" x="-24.500000" y="-276.623718">
   <element name="trashcan/images" layername="timeline_0" frame="1" z_index="9" m_a="1.000000" m_b="0.000000" m_c="0.000000" m_d="1.000000" m_tx="-89.000000" m_ty="-0.666667"/>
   <element name="trashcan" layername="timeline_1" frame="1" z_index="8" m_a="0.587533" m_b="0.000000" m_c="0.000000" m_d="0.587108" m_tx="-91.280502" m_ty="-194.423340"/>
   <element name="trashcan" layername="timeline_2" frame="2" z_index="7" m_a="0.587533" m_b="0.000000" m_c="0.000000" m_d="0.587108" m_tx="-94.218170" m_ty="-274.857147"/>
  </frame>
  <frame idx="75" w="549" h="766" x="-24.500000" y="-276.623718">
   <element name="trashcan/images" layername="timeline_0" frame="1" z_index="9" m_a="1.000000" m_b="0.000000" m_c="0.000000" m_d="1.000000" m_tx="-89.000000" m_ty="-0.666667"/>
   <element name="trashcan" layername="timeline_1" frame="1" z_index="8" m_a="0.587533" m_b="0.000000" m_c="0.000000" m_d="0.587108" m_tx="-91.280502" m_ty="-194.423340"/>
   <element name="trashcan" layername="timeline_2" frame="2" z_index="7" m_a="0.587533" m_b="0.000000" m_c="0.000000" m_d="0.587108" m_tx="-94.218170" m_ty="-274.857147"/>
  </frame>
  <frame idx="100" w="549" h="766" x="-24.500000" y="-276.623718">
   <element name="trashcan/images" layername="timeline_0" frame="1" z_index="9" m_a="1.000000" m_b="0.000000" m_c="0.000000" m_d="1.000000" m_tx="-89.000000" m_ty="-0.666667"/>
   <element name="trashcan" layername="timeline_1" frame="1" z_index="8" m_a="0.587533" m_b="0.000000" m_c="0.000000" m_d="0.587108" m_tx="-91.280502" m_ty="-194.423340"/>
   <element name="trashcan" layername="timeline_2" frame="2" z_index="7" m_a="0.587533" m_b="0.000000" m_c="0.000000" m_d="0.587108" m_tx="-94.218170" m_ty="-274.857147"/>
  </frame>
  <frame idx="125" w="549" h="766" x="-24.500000" y="-276.623718">
   <element name="trashcan/images" layername="timeline_0" frame="1" z_index="9" m_a="1.000000" m_b="0.000000" m_c="0.000000" m_d="1.000000" m_tx="-89.000000" m_ty="-0.666667"/>
   <element name="trashcan" layername="timeline_1" frame="1" z_index="8" m_a="0.587533" m_b="0.000000" m_c="0.000000" m_d="0.587108" m_tx="-91.280502" m_ty="-194.423340"/>
   <element name="trashcan" layername="timeline_2" frame="2" z_index="7" m_a="0.587533" m_b="0.000000" m_c="0.000000" m_d="0.587108" m_tx="-94.218170" m_ty="-274.857147"/>
  </frame>
  <frame idx="150" w="549" h="766" x="-24.500000" y="-276.623718">
   <element name="trashcan/images" layername="timeline_0" frame="1" z_index="9" m_a="1.000000" m_b="0.000000" m_c="0.000000" m_d="1.000000" m_tx="-89.000000" m_ty="-0.666667"/>
   <element name="trashcan" layername="timeline_1" frame="1" z_index="8" m_a="0.587533" m_b="0.000000" m_c="0.000000" m_d="0.587108" m_tx="-91.280502" m_ty="-194.423340"/>
   <element name="trashcan" layername="timeline_2" frame="2" z_index="7" m_a="0.587533" m_b="0.000000" m_c="0.000000" m_d="0.587108" m_tx="-94.218170" m_ty="-274.857147"/>
  </frame>
  <frame idx="175" w="549" h="766" x="-24.500000" y="-276.623718">
   <element name="trashcan/images" layername="timeline_0" frame="1" z_index="9" m_a="1.000000" m_b="0.000000" m_c="0.000000" m_d="1.000000" m_tx="-89.000000" m_ty="-0.666667"/>
   <element name="trashcan" layername="timeline_1" frame="1" z_index="8" m_a="0.587533" m_b="0.000000" m_c="0.000000" m_d="0.587108" m_tx="-91.280502" m_ty="-194.423340"/>
   <element name="trashcan" layername="timeline_2" frame="2" z_index="7" m_a="0.587533" m_b="0.000000" m_c="0.000000" m_d="0.587108" m_tx="-94.218170" m_ty="-274.857147"/>
  </frame>
  <frame idx="200" w="549" h="766" x="-24.500000" y="-276.623718">
   <element name="trashcan/images" layername="timeline_0" frame="1" z_index="9" m_a="1.000000" m_b="0.000000" m_c="0.000000" m_d="1.000000" m_tx="-89.000000" m_ty="-0.666667"/>
   <element name="trashcan" layername="timeline_1" frame="1" z_index="8" m_a="0.587533" m_b="0.000000" m_c="0.000000" m_d="0.587108" m_tx="-91.280502" m_ty="-194.423340"/>
   <element name="trashcan" layername="timeline_2" frame="2" z_index="7" m_a="0.587533" m_b="0.000000" m_c="0.000000" m_d="0.587108" m_tx="-94.218170" m_ty="-274.857147"/>
  </frame>
  <frame idx="225" w="549" h="766" x="-24.500000" y="-276.623718">
   <element name="trashcan/images" layername="timeline_0" frame="1" z_index="9" m_a="1.000000" m_b="0.000000" m_c="0.000000" m_d="1.000000" m_tx="-89.000000" m_ty="-0.666667"/>
   <element name="trashcan" layername="timeline_1" frame="1" z_index="8" m_a="0.587533" m_b="0.000000" m_c="0.000000" m_d="0.587108" m_tx="-91.280502" m_ty="-194.423340"/>
   <element name="trashcan" layername="timeline_2" frame="2" z_index="7" m_a="0.587533" m_b="0.000000" m_c="0.000000" m_d="0.587108" m_tx="-94.218170" m_ty="-274.857147"/>
  </frame>
  <frame idx="250" w="549" h="766" x="-24.500000" y="-276.623718">
   <element name="trashcan/images" layername="timeline_0" frame="1" z_index="9" m_a="1.000000" m_b="0.000000" m_c="0.000000" m_d="1.000000" m_tx="-89.000000" m_ty="-0.666667"/>
   <element name="trashcan" layername="timeline_1" frame="1" z_index="8" m_a="0.587533" m_b="0.000000" m_c="0.000000" m_d="0.587108" m_tx="-91.280502" m_ty="-194.423340"/>
   <element name="trashcan" layername="timeline_2" frame="2" z_index="7" m_a="0.587533" m_b="0.000000" m_c="0.000000" m_d="0.587108" m_tx="-94.218170" m_ty="-274.857147"/>
  </frame>
  <frame idx="275" w="549" h="766" x="-24.500000" y="-276.623718">
   <element name="trashcan/images" layername="timeline_0" frame="1" z_index="9" m_a="1.000000" m_b="0.000000" m_c="0.000000" m_d="1.000000" m_tx="-89.000000" m_ty="-0.666667"/>
   <element name="trashcan" layername="timeline_1" frame="1" z_index="8" m_a="0.587533" m_b="0.000000" m_c="0.000000" m_d="0.587108" m_tx="-91.280502" m_ty="-194.423340"/>
   <element name="trashcan" layername="timeline_2" frame="2" z_index="7" m_a="0.587533" m_b="0.000000" m_c="0.000000" m_d="0.587108" m_tx="-94.218170" m_ty="-274.857147"/>
  </frame>
  <frame idx="300" w="549" h="766" x="-24.500000" y="-276.623718">
   <element name="trashcan/images" layername="timeline_0" frame="1" z_index="9" m_a="1.000000" m_b="0.000000" m_c="0.000000" m_d="1.000000" m_tx="-89.000000" m_ty="-0.666667"/>
   <element name="trashcan" layername="timeline_1" frame="1" z_index="8" m_a="0.587533" m_b="0.000000" m_c="0.000000" m_d="0.587108" m_tx="-91.280502" m_ty="-194.423340"/>
   <element name="trashcan" layername="timeline_2" frame="2" z_index="7" m_a="0.587533" m_b="0.000000" m_c="0.000000" m_d="0.587108" m_tx="-94.218170" m_ty="-274.857147"/>
  </frame>
  <frame idx="325" w="549" h="766" x="-24.500000" y="-276.623718">
   <element name="trashcan/images" layername="timeline_0" frame="1" z_index="9" m_a="1.000000" m_b="0.000000" m_c="0.000000" m_d="1.000000" m_tx="-89.000000" m_ty="-0.666667"/>
   <element name="trashcan" layername="timeline_1" frame="1" z_index="8" m_a="0.587533" m_b="0.000000" m_c="0.000000" m_d="0.587108" m_tx="-91.280502" m_ty="-194.423340"/>
   <element name="trashcan" layername="timeline_2" frame="2" z_index="7" m_a="0.587533" m_b="0.000000" m_c="0.000000" m_d="0.587108" m_tx="-94.218170" m_ty="-274.857147"/>
  </frame>
  <frame idx="350" w="549" h="766" x="-24.500000" y="-276.623718">
   <element name="trashcan/images" layername="timeline_0" frame="1" z_index="9" m_a="1.000000" m_b="0.000000" m_c="0.000000" m_d="1.000000" m_tx="-89.000000" m_ty="-0.666667"/>
   <element name="trashcan" layername="timeline_1" frame="1" z_index="8" m_a="0.587533" m_b="0.000000" m_c="0.000000" m_d="0.587108" m_tx="-91.280502" m_ty="-194.423340"/>
   <element name="trashcan" layername="timeline_2" frame="2" z_index="7" m_a="0.587533" m_b="0.000000" m_c="0.000000" m_d="0.587108" m_tx="-94.218170" m_ty="-274.857147"/>
  </frame>
  <frame idx="375" w="549" h="766" x="-24.500000" y="-276.623718">
   <element name="trashcan/images" layername="timeline_0" frame="1" z_index="9" m_a="1.000000" m_b="0.000000" m_c="0.000000" m_d="1.000000" m_tx="-89.000000" m_ty="-0.666667"/>
   <element name="trashcan" layername="timeline_1" frame="1" z_index="8" m_a="0.587533" m_b="0.000000" m_c="0.000000" m_d="0.587108" m_tx="-91.280502" m_ty="-194.423340"/>
   <element name="trashcan" layername="timeline_2" frame="2" z_index="7" m_a="0.587533" m_b="0.000000" m_c="0.000000" m_d="0.587108" m_tx="-94.218170" m_ty="-274.857147"/>
  </frame>
  <frame idx="400" w="549" h="766" x="-24.500000" y="-276.623718">
   <element name="trashcan/images" layername="timeline_0" frame="1" z_index="9" m_a="1.000000" m_b="0.000000" m_c="0.000000" m_d="1.000000" m_tx="-89.000000" m_ty="-0.666667"/>
   <element name="trashcan" layername="timeline_1" frame="1" z_index="8" m_a="0.587533" m_b="0.000000" m_c="0.000000" m_d="0.587108" m_tx="-91.280502" m_ty="-194.423340"/>
   <element name="trashcan" layername="timeline_2" frame="2" z_index="7" m_a="0.587533" m_b="0.000000" m_c="0.000000" m_d="0.587108" m_tx="-94.218170" m_ty="-274.857147"/>
  </frame>
  <frame idx="425" w="549" h="766" x="-24.500000" y="-276.623718">
   <element name="trashcan/images" layername="timeline_0" frame="1" z_index="9" m_a="1.000000" m_b="0.000000" m_c="0.000000" m_d="1.000000" m_tx="-89.000000" m_ty="-0.666667"/>
   <element name="trashcan" layername="timeline_1" frame="1" z_index="8" m_a="0.587533" m_b="0.000000" m_c="0.000000" m_d="0.587108" m_tx="-91.280502" m_ty="-194.423340"/>
   <element name="trashcan" layername="timeline_2" frame="2" z_index="7" m_a="0.587533" m_b="0.000000" m_c="0.000000" m_d="0.587108" m_tx="-94.218170" m_ty="-274.857147"/>
  </frame>
  <frame idx="450" w="549" h="766" x="-24.500000" y="-276.623718">
   <element name="trashcan/images" layername="timeline_0" frame="1" z_index="9" m_a="1.000000" m_b="0.000000" m_c="0.000000" m_d="1.000000" m_tx="-89.000000" m_ty="-0.666667"/>
   <element name="trashcan" layername="timeline_1" frame="1" z_index="8" m_a="0.587533" m_b="0.000000" m_c="0.000000" m_d="0.587108" m_tx="-91.280502" m_ty="-194.423340"/>
   <element name="trashcan" layername="timeline_2" frame="2" z_index="7" m_a="0.587533" m_b="0.000000" m_c="0.000000" m_d="0.587108" m_tx="-94.218170" m_ty="-274.857147"/>
  </frame>
  <frame idx="475" w="549" h="766" x="-24.500000" y="-276.623718">
   <element name="trashcan/images" layername="timeline_0" frame="1" z_index="9" m_a="1.000000" m_b="0.000000" m_c="0.000000" m_d="1.000000" m_tx="-89.000000" m_ty="-0.666667"/>
   <element name="trashcan" layername="timeline_1" frame="1" z_index="8" m_a="0.587533" m_b="0.000000" m_c="0.000000" m_d="0.587108" m_tx="-91.280502" m_ty="-194.423340"/>
   <element name="trashcan" layername="timeline_2" frame="2" z_index="7" m_a="0.587533" m_b="0.000000" m_c="0.000000" m_d="0.587108" m_tx="-94.218170" m_ty="-274.857147"/>
  </frame>
  <frame idx="500" w="549" h="766" x="-24.500000" y="-276.623718">
   <element name="trashcan/images" layername="timeline_0" frame="1" z_index="9" m_a="1.000000" m_b="0.000000" m_c="0.000000" m_d="1.000000" m_tx="-89.000000" m_ty="-0.666667"/>
   <element name="trashcan" layername="timeline_1" frame="1" z_index="8" m_a="0.587533" m_b="0.000000" m_c="0.000000" m_d="0.587108" m_tx="-91.280502" m_ty="-194.423340"/>
   <element name="trashcan" layername="timeline_2" frame="2" z_index="7" m_a="0.587533" m_b="0.000000" m_c="0.000000" m_d="0.587108" m_tx="-94.218170" m_ty="-274.857147"/>
  </frame>
  <frame idx="525" w="549" h="766" x="-24.500000" y="-276.623718">
   <element name="trashcan/images" layername="timeline_0" frame="1" z_index="9" m_a="1.000000" m_b="0.000000" m_c="0.000000" m_d="1.000000" m_tx="-89.000000" m_ty="-0.666667"/>
   <element name="trashcan" layername="timeline_1" frame="1" z_index="8" m_a="0.587533" m_b="0.000000" m_c="0.000000" m_d="0.587108" m_tx="-91.280502" m_ty="-194.423340"/>
   <element name="trashcan" layername="timeline_2" frame="2" z_index="7" m_a="0.587533" m_b="0.000000" m_c="0.000000" m_d="0.587108" m_tx="-94.218170" m_ty="-274.857147"/>
  </frame>
  <frame idx="550" w="549" h="766" x="-24.500000" y="-276.623718">
   <element name="trashcan/images" layername="timeline_0" frame="1" z_index="9" m_a="1.000000" m_b="0.000000" m_c="0.000000" m_d="1.000000" m_tx="-89.000000" m_ty="-0.666667"/>
   <element name="trashcan" layername="timeline_1" frame="1" z_index="8" m_a="0.587533" m_b="0.000000" m_c="0.000000" m_d="0.587108" m_tx="-91.280502" m_ty="-194.423340"/>
   <element name="trashcan" layername="timeline_2" frame="2" z_index="7" m_a="0.587533" m_b="0.000000" m_c="0.000000" m_d="0.587108" m_tx="-94.218170" m_ty="-274.857147"/>
  </frame>
  <frame idx="575" w="549" h="766" x="-24.500000" y="-276.623718">
   <element name="trashcan/images" layername="timeline_0" frame="1" z_index="9" m_a="1.000000" m_b="0.000000" m_c="0.000000" m_d="1.000000" m_tx="-89.000000" m_ty="-0.666667"/>
   <element name="trashcan" layername="timeline_1" frame="1" z_index="8" m_a="0.587533" m_b="0.000000" m_c="0.000000" m_d="0.587108" m_tx="-91.280502" m_ty="-194.423340"/>
   <element name="trashcan" layername="timeline_2" frame="2" z_index="7" m_a="0.587533" m_b="0.000000" m_c="0.000000" m_d="0.587108" m_tx="-94.218170" m_ty="-274.857147"/>
  </frame>
  <frame idx="600" w="549" h="766" x="-24.500000" y="-276.623718">
   <element name="trashcan/images" layername="timeline_0" frame="1" z_index="9" m_a="1.000000" m_b="0.000000" m_c="0.000000" m_d="1.000000" m_tx="-89.000000" m_ty="-0.666667"/>
   <element name="trashcan" layername="timeline_1" frame="1" z_index="8" m_a="0.587533" m_b="0.000000" m_c="0.000000" m_d="0.587108" m_tx="-91.280502" m_ty="-194.423340"/>
   <element name="trashcan" layername="timeline_2" frame="2" z_index="7" m_a="0.587533" m_b="0.000000" m_c="0.000000" m_d="0.587108" m_tx="-94.218170" m_ty="-274.857147"/>
  </frame>
  <frame idx="625" w="549" h="766" x="-24.500000" y="-276.623718">
   <element name="trashcan/images" layername="timeline_0" frame="1" z_index="9" m_a="1.000000" m_b="0.000000" m_c="0.000000" m_d="1.000000" m_tx="-89.000000" m_ty="-0.666667"/>
   <element name="trashcan" layername="timeline_1" frame="1" z_index="8" m_a="0.587533" m_b="0.000000" m_c="0.000000" m_d="0.587108" m_tx="-91.280502" m_ty="-194.423340"/>
   <element name="trashcan" layername="timeline_2" frame="2" z_index="7" m_a="0.587533" m_b="0.000000" m_c="0.000000" m_d="0.587108" m_tx="-94.218170" m_ty="-274.857147"/>
  </frame>
  <frame idx="650" w="549" h="766" x="-24.500000" y="-276.623718">
   <element name="trashcan/images" layername="timeline_0" frame="1" z_index="9" m_a="1.000000" m_b="0.000000" m_c="0.000000" m_d="1.000000" m_tx="-89.000000" m_ty="-0.666667"/>
   <element name="trashcan" layername="timeline_1" frame="1" z_index="8" m_a="0.587533" m_b="0.000000" m_c="0.000000" m_d="0.587108" m_tx="-91.280502" m_ty="-194.423340"/>
   <element name="trashcan" layername="timeline_2" frame="2" z_index="7" m_a="0.587533" m_b="0.000000" m_c="0.000000" m_d="0.587108" m_tx="-94.218170" m_ty="-274.857147"/>
  </frame>
  <frame idx="675" w="549" h="766" x="-24.500000" y="-276.623718">
   <element name="trashcan/images" layername="timeline_0" frame="1" z_index="9" m_a="1.000000" m_b="0.000000" m_c="0.000000" m_d="1.000000" m_tx="-89.000000" m_ty="-0.666667"/>
   <element name="trashcan" layername="timeline_1" frame="1" z_index="8" m_a="0.587533" m_b="0.000000" m_c="0.000000" m_d="0.587108" m_tx="-91.280502" m_ty="-194.423340"/>
   <element name="trashcan" layername="timeline_2" frame="2" z_index="7" m_a="0.587533" m_b="0.000000" m_c="0.000000" m_d="0.587108" m_tx="-94.218170" m_ty="-274.857147"/>
  </frame>
  <frame idx="700" w="549" h="766" x="-24.500000" y="-276.623718">
   <element name="trashcan/images" layername="timeline_0" frame="1" z_index="9" m_a="1.000000" m_b="0.000000" m_c="0.000000" m_d="1.000000" m_tx="-89.000000" m_ty="-0.666667"/>
   <element name="trashcan" layername="timeline_1" frame="1" z_index="8" m_a="0.587533" m_b="0.000000" m_c="0.000000" m_d="0.587108" m_tx="-91.280502" m_ty="-194.423340"/>
   <element name="trashcan" layername="timeline_2" frame="2" z_index="7" m_a="0.587533" m_b="0.000000" m_c="0.000000" m_d="0.587108" m_tx="-94.218170" m_ty="-274.857147"/>
  </frame>
  <frame idx="725" w="549" h="766" x="-24.500000" y="-276.623718">
   <element name="trashcan/images" layername="timeline_0" frame="1" z_index="9" m_a="1.000000" m_b="0.000000" m_c="0.000000" m_d="1.000000" m_tx="-89.000000" m_ty="-0.666667"/>
   <element name="trashcan" layername="timeline_1" frame="1" z_index="8" m_a="0.587533" m_b="0.000000" m_c="0.000000" m_d="0.587108" m_tx="-91.280502" m_ty="-194.423340"/>
   <element name="trashcan" layername="timeline_2" frame="2" z_index="7" m_a="0.587533" m_b="0.000000" m_c="0.000000" m_d="0.587108" m_tx="-94.218170" m_ty="-274.857147"/>
  </frame>
  <frame idx="750" w="549" h="766" x="-24.500000" y="-276.623718">
   <element name="trashcan/images" layername="timeline_0" frame="1" z_index="9" m_a="1.000000" m_b="0.000000" m_c="0.000000" m_d="1.000000" m_tx="-89.000000" m_ty="-0.666667"/>
   <element name="trashcan" layername="timeline_1" frame="1" z_index="8" m_a="0.587533" m_b="0.000000" m_c="0.000000" m_d="0.587108" m_tx="-91.280502" m_ty="-194.423340"/>
   <element name="trashcan" layername="timeline_2" frame="2" z_index="7" m_a="0.587533" m_b="0.000000" m_c="0.000000" m_d="0.587108" m_tx="-94.218170" m_ty="-274.857147"/>
  </frame>
  <frame idx="775" w="549" h="766" x="-24.500000" y="-276.623718">
   <element name="trashcan/images" layername="timeline_0" frame="1" z_index="9" m_a="1.000000" m_b="0.000000" m_c="0.000000" m_d="1.000000" m_tx="-89.000000" m_ty="-0.666667"/>
   <element name="trashcan" layername="timeline_1" frame="1" z_index="8" m_a="0.587533" m_b="0.000000" m_c="0.000000" m_d="0.587108" m_tx="-91.280502" m_ty="-194.423340"/>
   <element name="trashcan" layername="timeline_2" frame="2" z_index="7" m_a="0.587533" m_b="0.000000" m_c="0.000000" m_d="0.587108" m_tx="-94.218170" m_ty="-274.857147"/>
  </frame>
  <frame idx="800" w="549" h="766" x="-24.500000" y="-276.623718">
   <element name="trashcan/images" layername="timeline_0" frame="1" z_index="9" m_a="1.000000" m_b="0.000000" m_c="0.000000" m_d="1.000000" m_tx="-89.000000" m_ty="-0.666667"/>
   <element name="trashcan" layername="timeline_1" frame="1" z_index="8" m_a="0.587533" m_b="0.000000" m_c="0.000000" m_d="0.587108" m_tx="-91.280502" m_ty="-194.423340"/>
   <element name="trashcan" layername="timeline_2" frame="2" z_index="7" m_a="0.587533" m_b="0.000000" m_c="0.000000" m_d="0.587108" m_tx="-94.218170" m_ty="-274.857147"/>
  </frame>
  <frame idx="825" w="549" h="766" x="-24.500000" y="-276.623718">
   <element name="trashcan/images" layername="timeline_0" frame="1" z_index="9" m_a="1.000000" m_b="0.000000" m_c="0.000000" m_d="1.000000" m_tx="-89.000000" m_ty="-0.666667"/>
   <element name="trashcan" layername="timeline_1" frame="1" z_index="8" m_a="0.587533" m_b="0.000000" m_c="0.000000" m_d="0.587108" m_tx="-91.280502" m_ty="-194.423340"/>
   <element name="trashcan" layername="timeline_2" frame="2" z_index="7" m_a="0.587533" m_b="0.000000" m_c="0.000000" m_d="0.587108" m_tx="-94.218170" m_ty="-274.857147"/>
  </frame>
  <frame idx="850" w="549" h="766" x="-24.500000" y="-276.623718">
   <element name="trashcan/images" layername="timeline_0" frame="1" z_index="9" m_a="1.000000" m_b="0.000000" m_c="0.000000" m_d="1.000000" m_tx="-89.000000" m_ty="-0.666667"/>
   <element name="trashcan" layername="timeline_1" frame="1" z_index="8" m_a="0.587533" m_b="0.000000" m_c="0.000000" m_d="0.587108" m_tx="-91.280502" m_ty="-194.423340"/>
   <element name="trashcan" layername="timeline_2" frame="2" z_index="7" m_a="0.587533" m_b="0.000000" m_c="0.000000" m_d="0.587108" m_tx="-94.218170" m_ty="-274.857147"/>
  </frame>
  <frame idx="875" w="549" h="766" x="-24.500000" y="-276.623718">
   <element name="trashcan/images" layername="timeline_0" frame="1" z_index="9" m_a="1.000000" m_b="0.000000" m_c="0.000000" m_d="1.000000" m_tx="-89.000000" m_ty="-0.666667"/>
   <element name="trashcan" layername="timeline_1" frame="1" z_index="8" m_a="0.587533" m_b="0.000000" m_c="0.000000" m_d="0.587108" m_tx="-91.280502" m_ty="-194.423340"/>
   <element name="trashcan" layername="timeline_2" frame="2" z_index="7" m_a="0.587533" m_b="0.000000" m_c="0.000000" m_d="0.587108" m_tx="-94.218170" m_ty="-274.857147"/>
  </frame>
  <frame idx="900" w="549" h="766" x="-24.500000" y="-276.623718">
   <element name="trashcan/images" layername="timeline_0" frame="1" z_index="9" m_a="1.000000" m_b="0.000000" m_c="0.000000" m_d="1.000000" m_tx="-89.000000" m_ty="-0.666667"/>
   <element name="trashcan" layername="timeline_1" frame="1" z_index="8" m_a="0.587533" m_b="0.000000" m_c="0.000000" m_d="0.587108" m_tx="-91.280502" m_ty="-194.423340"/>
   <element name="trashcan" layername="timeline_2" frame="2" z_index="7" m_a="0.587533" m_b="0.000000" m_c="0.000000" m_d="0.587108" m_tx="-94.218170" m_ty="-274.857147"/>
  </frame>
  <frame idx="925" w="549" h="766" x="-24.500000" y="-276.623718">
   <element name="trashcan/images" layername="timeline_0" frame="1" z_index="9" m_a="1.000000" m_b="0.000000" m_c="0.000000" m_d="1.000000" m_tx="-89.000000" m_ty="-0.666667"/>
   <element name="trashcan" layername="timeline_1" frame="1" z_index="8" m_a="0.587533" m_b="0.000000" m_c="0.000000" m_d="0.587108" m_tx="-91.280502" m_ty="-194.423340"/>
   <element name="trashcan" layername="timeline_2" frame="2" z_index="7" m_a="0.587533" m_b="0.000000" m_c="0.000000" m_d="0.587108" m_tx="-94.218170" m_ty="-274.857147"/>
  </frame>
  <frame idx="950" w="549" h="766" x="-24.500000" y="-276.623718">
   <element name="trashcan/images" layername="timeline_0" frame="1" z_index="9" m_a="1.000000" m_b="0.000000" m_c="0.000000" m_d="1.000000" m_tx="-89.000000" m_ty="-0.666667"/>
   <element name="trashcan" layername="timeline_1" frame="1" z_index="8" m_a="0.587533" m_b="0.000000" m_c="0.000000" m_d="0.587108" m_tx="-91.280502" m_ty="-194.423340"/>
   <element name="trashcan" layername="timeline_2" frame="2" z_index="7" m_a="0.587533" m_b="0.000000" m_c="0.000000" m_d="0.587108" m_tx="-94.218170" m_ty="-274.857147"/>
  </frame>
  <frame idx="975" w="549" h="766" x="-24.500000" y="-276.623718">
   <element name="trashcan/images" layername="timeline_0" frame="1" z_index="9" m_a="1.000000" m_b="0.000000" m_c="0.000000" m_d="1.000000" m_tx="-89.000000" m_ty="-0.666667"/>
   <element name="trashcan" layername="timeline_1" frame="1" z_index="8" m_a="0.587533" m_b="0.000000" m_c="0.000000" m_d="0.587108" m_tx="-91.280502" m_ty="-194.423340"/>
   <element name="trashcan" layername="timeline_2" frame="2" z_index="7" m_a="0.587533" m_b="0.000000" m_c="0.000000" m_d="0.587108" m_tx="-94.218170" m_ty="-274.857147"/>
  </frame>
 </anim>
 <anim name="open" root="trashcan" numframes="1000" framerate="40">
  <frame idx="0" w="549" h="765" x="-24.500000" y="-275.441040">
   <element name="trashcan/images" layername="timeline_0" frame="1" z_index="9" m_a="1.000000" m_b="0.000000" m_c="0.000000" m_d="1.000000" m_tx="-89.000000" m_ty="-0.666667"/>
   <element name="trashcan" layername="timeline_1" frame="1" z_index="8" m_a="0.587533" m_b="0.000000" m_c="0.000000" m_d="0.587108" m_tx="-91.280502" m_ty="-194.423340"/>
   <element name="trashcan" layername="timeline_2" frame="2" z_index="7" m_a="0.531792" m_b="0.249784" m_c="-0.249603" m_d="0.531408" m_tx="-42.613411" m_ty="-348.700165"/>
  </frame>
  <frame idx="25" w="549" h="765" x="-24.500000" y="-275.441040">
   <element name="trashcan/images" layername="timeline_0" frame="1" z_index="9" m_a="1.000000" m_b="0.000000" m_c="0.000000" m_d="1.000000" m_tx="-89.000000" m_ty="-0.666667"/>
   <element name="trashcan" layername="timeline_1" frame="1" z_index="8" m_a="0.587533" m_b="0.000000" m_c="0.000000" m_d="0.587108" m_tx="-91.280502" m_ty="-194.423340"/>
   <element name="trashcan" layername="timeline_2" frame="2" z_index="7" m_a="0.531792" m_b="0.249784" m_c="-0.249603" m_d="0.531408" m_tx="-42.613411" m_ty="-348.700165"/>
  </frame>
  <frame idx="50" w="549" h="765" x="-24.500000" y="-275.441040">
   <element name="trashcan/images" layername="timeline_0" frame="1" z_index="9" m_a="1.000000" m_b="0.000000" m_c="0.000000" m_d="1.000000" m_tx="-89.000000" m_ty="-0.666667"/>
   <element name="trashcan" layername="timeline_1" frame="1" z_index="8" m_a="0.587533" m_b="0.000000" m_c="0.000000" m_d="0.587108" m_tx="-91.280502" m_ty="-194.423340"/>
   <element name="trashcan" layername="timeline_2" frame="2" z_index="7" m_a="0.531792" m_b="0.249784" m_c="-0.249603" m_d="0.531408" m_tx="-42.613411" m_ty="-348.700165"/>
  </frame>
  <frame idx="75" w="549" h="765" x="-24.500000" y="-275.441040">
   <element name="trashcan/images" layername="timeline_0" frame="1" z_index="9" m_a="1.000000" m_b="0.000000" m_c="0.000000" m_d="1.000000" m_tx="-89.000000" m_ty="-0.666667"/>
   <element name="trashcan" layername="timeline_1" frame="1" z_index="8" m_a="0.587533" m_b="0.000000" m_c="0.000000" m_d="0.587108" m_tx="-91.280502" m_ty="-194.423340"/>
   <element name="trashcan" layername="timeline_2" frame="2" z_index="7" m_a="0.531792" m_b="0.249784" m_c="-0.249603" m_d="0.531408" m_tx="-42.613411" m_ty="-348.700165"/>
  </frame>
  <frame idx="100" w="549" h="765" x="-24.500000" y="-275.441040">
   <element name="trashcan/images" layername="timeline_0" frame="1" z_index="9" m_a="1.000000" m_b="0.000000" m_c="0.000000" m_d="1.000000" m_tx="-89.000000" m_ty="-0.666667"/>
   <element name="trashcan" layername="timeline_1" frame="1" z_index="8" m_a="0.587533" m_b="0.000000" m_c="0.000000" m_d="0.587108" m_tx="-91.280502" m_ty="-194.423340"/>
   <element name="trashcan" layername="timeline_2" frame="2" z_index="7" m_a="0.531792" m_b="0.249784" m_c="-0.249603" m_d="0.531408" m_tx="-42.613411" m_ty="-348.700165"/>
  </frame>
  <frame idx="125" w="549" h="765" x="-24.500000" y="-275.441040">
   <element name="trashcan/images" layername="timeline_0" frame="1" z_index="9" m_a="1.000000" m_b="0.000000" m_c="0.000000" m_d="1.000000" m_tx="-89.000000" m_ty="-0.666667"/>
   <element name="trashcan" layername="timeline_1" frame="1" z_index="8" m_a="0.587533" m_b="0.000000" m_c="0.000000" m_d="0.587108" m_tx="-91.280502" m_ty="-194.423340"/>
   <element name="trashcan" layername="timeline_2" frame="2" z_index="7" m_a="0.531792" m_b="0.249784" m_c="-0.249603" m_d="0.531408" m_tx="-42.613411" m_ty="-348.700165"/>
  </frame>
  <frame idx="150" w="549" h="765" x="-24.500000" y="-275.441040">
   <element name="trashcan/images" layername="timeline_0" frame="1" z_index="9" m_a="1.000000" m_b="0.000000" m_c="0.000000" m_d="1.000000" m_tx="-89.000000" m_ty="-0.666667"/>
   <element name="trashcan" layername="timeline_1" frame="1" z_index="8" m_a="0.587533" m_b="0.000000" m_c="0.000000" m_d="0.587108" m_tx="-91.280502" m_ty="-194.423340"/>
   <element name="trashcan" layername="timeline_2" frame="2" z_index="7" m_a="0.531792" m_b="0.249784" m_c="-0.249603" m_d="0.531408" m_tx="-42.613411" m_ty="-348.700165"/>
  </frame>
  <frame idx="175" w="549" h="765" x="-24.500000" y="-275.441040">
   <element name="trashcan/images" layername="timeline_0" frame="1" z_index="9" m_a="1.000000" m_b="0.000000" m_c="0.000000" m_d="1.000000" m_tx="-89.000000" m_ty="-0.666667"/>
   <element name="trashcan" layername="timeline_1" frame="1" z_index="8" m_a="0.587533" m_b="0.000000" m_c="0.000000" m_d="0.587108" m_tx="-91.280502" m_ty="-194.423340"/>
   <element name="trashcan" layername="timeline_2" frame="2" z_index="7" m_a="0.531792" m_b="0.249784" m_c="-0.249603" m_d="0.531408" m_tx="-42.613411" m_ty="-348.700165"/>
  </frame>
  <frame idx="200" w="549" h="765" x="-24.500000" y="-275.441040">
   <element name="trashcan/images" layername="timeline_0" frame="1" z_index="9" m_a="1.000000" m_b="0.000000" m_c="0.000000" m_d="1.000000" m_tx="-89.000000" m_ty="-0.666667"/>
   <element name="trashcan" layername="timeline_1" frame="1" z_index="8" m_a="0.587533" m_b="0.000000" m_c="0.000000" m_d="0.587108" m_tx="-91.280502" m_ty="-194.423340"/>
   <element name="trashcan" layername="timeline_2" frame="2" z_index="7" m_a="0.531792" m_b="0.249784" m_c="-0.249603" m_d="0.531408" m_tx="-42.613411" m_ty="-348.700165"/>
  </frame>
  <frame idx="225" w="549" h="765" x="-24.500000" y="-275.441040">
   <element name="trashcan/images" layername="timeline_0" frame="1" z_index="9" m_a="1.000000" m_b="0.000000" m_c="0.000000" m_d="1.000000" m_tx="-89.000000" m_ty="-0.666667"/>
   <element name="trashcan" layername="timeline_1" frame="1" z_index="8" m_a="0.587533" m_b="0.000000" m_c="0.000000" m_d="0.587108" m_tx="-91.280502" m_ty="-194.423340"/>
   <element name="trashcan" layername="timeline_2" frame="2" z_index="7" m_a="0.531792" m_b="0.249784" m_c="-0.249603" m_d="0.531408" m_tx="-42.613411" m_ty="-348.700165"/>
  </frame>
  <frame idx="250" w="549" h="765" x="-24.500000" y="-275.441040">
   <element name="trashcan/images" layername="timeline_0" frame="1" z_index="9" m_a="1.000000" m_b="0.000000" m_c="0.000000" m_d="1.000000" m_tx="-89.000000" m_ty="-0.666667"/>
   <element name="trashcan" layername="timeline_1" frame="1" z_index="8" m_a="0.587533" m_b="0.000000" m_c="0.000000" m_d="0.587108" m_tx="-91.280502" m_ty="-194.423340"/>
   <element name="trashcan" layername="timeline_2" frame="2" z_index="7" m_a="0.531792" m_b="0.249784" m_c="-0.249603" m_d="0.531408" m_tx="-42.613411" m_ty="-348.700165"/>
  </frame>
  <frame idx="275" w="549" h="765" x="-24.500000" y="-275.441040">
   <element name="trashcan/images" layername="timeline_0" frame="1" z_index="9" m_a="1.000000" m_b="0.000000" m_c="0.000000" m_d="1.000000" m_tx="-89.000000" m_ty="-0.666667"/>
   <element name="trashcan" layername="timeline_1" frame="1" z_index="8" m_a="0.587533" m_b="0.000000" m_c="0.000000" m_d="0.587108" m_tx="-91.280502" m_ty="-194.423340"/>
   <element name="trashcan" layername="timeline_2" frame="2" z_index="7" m_a="0.531792" m_b="0.249784" m_c="-0.249603" m_d="0.531408" m_tx="-42.613411" m_ty="-348.700165"/>
  </frame>
  <frame idx="300" w="549" h="765" x="-24.500000" y="-275.441040">
   <element name="trashcan/images" layername="timeline_0" frame="1" z_index="9" m_a="1.000000" m_b="0.000000" m_c="0.000000" m_d="1.000000" m_tx="-89.000000" m_ty="-0.666667"/>
   <element name="trashcan" layername="timeline_1" frame="1" z_index="8" m_a="0.587533" m_b="0.000000" m_c="0.000000" m_d="0.587108" m_tx="-91.280502" m_ty="-194.423340"/>
   <element name="trashcan" layername="timeline_2" frame="2" z_index="7" m_a="0.531792" m_b="0.249784" m_c="-0.249603" m_d="0.531408" m_tx="-42.613411" m_ty="-348.700165"/>
  </frame>
  <frame idx="325" w="549" h="765" x="-24.500000" y="-275.441040">
   <element name="trashcan/images" layername="timeline_0" frame="1" z_index="9" m_a="1.000000" m_b="0.000000" m_c="0.000000" m_d="1.000000" m_tx="-89.000000" m_ty="-0.666667"/>
   <element name="trashcan" layername="timeline_1" frame="1" z_index="8" m_a="0.587533" m_b="0.000000" m_c="0.000000" m_d="0.587108" m_tx="-91.280502" m_ty="-194.423340"/>
   <element name="trashcan" layername="timeline_2" frame="2" z_index="7" m_a="0.531792" m_b="0.249784" m_c="-0.249603" m_d="0.531408" m_tx="-42.613411" m_ty="-348.700165"/>
  </frame>
  <frame idx="350" w="549" h="765" x="-24.500000" y="-275.441040">
   <element name="trashcan/images" layername="timeline_0" frame="1" z_index="9" m_a="1.000000" m_b="0.000000" m_c="0.000000" m_d="1.000000" m_tx="-89.000000" m_ty="-0.666667"/>
   <element name="trashcan" layername="timeline_1" frame="1" z_index="8" m_a="0.587533" m_b="0.000000" m_c="0.000000" m_d="0.587108" m_tx="-91.280502" m_ty="-194.423340"/>
   <element name="trashcan" layername="timeline_2" frame="2" z_index="7" m_a="0.531792" m_b="0.249784" m_c="-0.249603" m_d="0.531408" m_tx="-42.613411" m_ty="-348.700165"/>
  </frame>
  <frame idx="375" w="549" h="765" x="-24.500000" y="-275.441040">
   <element name="trashcan/images" layername="timeline_0" frame="1" z_index="9" m_a="1.000000" m_b="0.000000" m_c="0.000000" m_d="1.000000" m_tx="-89.000000" m_ty="-0.666667"/>
   <element name="trashcan" layername="timeline_1" frame="1" z_index="8" m_a="0.587533" m_b="0.000000" m_c="0.000000" m_d="0.587108" m_tx="-91.280502" m_ty="-194.423340"/>
   <element name="trashcan" layername="timeline_2" frame="2" z_index="7" m_a="0.531792" m_b="0.249784" m_c="-0.249603" m_d="0.531408" m_tx="-42.613411" m_ty="-348.700165"/>
  </frame>
  <frame idx="400" w="549" h="765" x="-24.500000" y="-275.441040">
   <element name="trashcan/images" layername="timeline_0" frame="1" z_index="9" m_a="1.000000" m_b="0.000000" m_c="0.000000" m_d="1.000000" m_tx="-89.000000" m_ty="-0.666667"/>
   <element name="trashcan" layername="timeline_1" frame="1" z_index="8" m_a="0.587533" m_b="0.000000" m_c="0.000000" m_d="0.587108" m_tx="-91.280502" m_ty="-194.423340"/>
   <element name="trashcan" layername="timeline_2" frame="2" z_index="7" m_a="0.531792" m_b="0.249784" m_c="-0.249603" m_d="0.531408" m_tx="-42.613411" m_ty="-348.700165"/>
  </frame>
  <frame idx="425" w="549" h="765" x="-24.500000" y="-275.441040">
   <element name="trashcan/images" layername="timeline_0" frame="1" z_index="9" m_a="1.000000" m_b="0.000000" m_c="0.000000" m_d="1.000000" m_tx="-89.000000" m_ty="-0.666667"/>
   <element name="trashcan" layername="timeline_1" frame="1" z_index="8" m_a="0.587533" m_b="0.000000" m_c="0.000000" m_d="0.587108" m_tx="-91.280502" m_ty="-194.423340"/>
   <element name="trashcan" layername="timeline_2" frame="2" z_index="7" m_a="0.531792" m_b="0.249784" m_c="-0.249603" m_d="0.531408" m_tx="-42.613411" m_ty="-348.700165"/>
  </frame>
  <frame idx="450" w="549" h="765" x="-24.500000" y="-275.441040">
   <element name="trashcan/images" layername="timeline_0" frame="1" z_index="9" m_a="1.000000" m_b="0.000000" m_c="0.000000" m_d="1.000000" m_tx="-89.000000" m_ty="-0.666667"/>
   <element name="trashcan" layername="timeline_1" frame="1" z_index="8" m_a="0.587533" m_b="0.000000" m_c="0.000000" m_d="0.587108" m_tx="-91.280502" m_ty="-194.423340"/>
   <element name="trashcan" layername="timeline_2" frame="2" z_index="7" m_a="0.531792" m_b="0.249784" m_c="-0.249603" m_d="0.531408" m_tx="-42.613411" m_ty="-348.700165"/>
  </frame>
  <frame idx="475" w="549" h="765" x="-24.500000" y="-275.441040">
   <element name="trashcan/images" layername="timeline_0" frame="1" z_index="9" m_a="1.000000" m_b="0.000000" m_c="0.000000" m_d="1.000000" m_tx="-89.000000" m_ty="-0.666667"/>
   <element name="trashcan" layername="timeline_1" frame="1" z_index="8" m_a="0.587533" m_b="0.000000" m_c="0.000000" m_d="0.587108" m_tx="-91.280502" m_ty="-194.423340"/>
   <element name="trashcan" layername="timeline_2" frame="2" z_index="7" m_a="0.531792" m_b="0.249784" m_c="-0.249603" m_d="0.531408" m_tx="-42.613411" m_ty="-348.700165"/>
  </frame>
  <frame idx="500" w="549" h="765" x="-24.500000" y="-275.441040">
   <element name="trashcan/images" layername="timeline_0" frame="1" z_index="9" m_a="1.000000" m_b="0.000000" m_c="0.000000" m_d="1.000000" m_tx="-89.000000" m_ty="-0.666667"/>
   <element name="trashcan" layername="timeline_1" frame="1" z_index="8" m_a="0.587533" m_b="0.000000" m_c="0.000000" m_d="0.587108" m_tx="-91.280502" m_ty="-194.423340"/>
   <element name="trashcan" layername="timeline_2" frame="2" z_index="7" m_a="0.531792" m_b="0.249784" m_c="-0.249603" m_d="0.531408" m_tx="-42.613411" m_ty="-348.700165"/>
  </frame>
  <frame idx="525" w="549" h="765" x="-24.500000" y="-275.441040">
   <element name="trashcan/images" layername="timeline_0" frame="1" z_index="9" m_a="1.000000" m_b="0.000000" m_c="0.000000" m_d="1.000000" m_tx="-89.000000" m_ty="-0.666667"/>
   <element name="trashcan" layername="timeline_1" frame="1" z_index="8" m_a="0.587533" m_b="0.000000" m_c="0.000000" m_d="0.587108" m_tx="-91.280502" m_ty="-194.423340"/>
   <element name="trashcan" layername="timeline_2" frame="2" z_index="7" m_a="0.531792" m_b="0.249784" m_c="-0.249603" m_d="0.531408" m_tx="-42.613411" m_ty="-348.700165"/>
  </frame>
  <frame idx="550" w="549" h="765" x="-24.500000" y="-275.441040">
   <element name="trashcan/images" layername="timeline_0" frame="1" z_index="9" m_a="1.000000" m_b="0.000000" m_c="0.000000" m_d="1.000000" m_tx="-89.000000" m_ty="-0.666667"/>
   <element name="trashcan" layername="timeline_1" frame="1" z_index="8" m_a="0.587533" m_b="0.000000" m_c="0.000000" m_d="0.587108" m_tx="-91.280502" m_ty="-194.423340"/>
   <element name="trashcan" layername="timeline_2" frame="2" z_index="7" m_a="0.531792" m_b="0.249784" m_c="-0.249603" m_d="0.531408" m_tx="-42.613411" m_ty="-348.700165"/>
  </frame>
  <frame idx="575" w="549" h="765" x="-24.500000" y="-275.441040">
   <element name="trashcan/images" layername="timeline_0" frame="1" z_index="9" m_a="1.000000" m_b="0.000000" m_c="0.000000" m_d="1.000000" m_tx="-89.000000" m_ty="-0.666667"/>
   <element name="trashcan" layername="timeline_1" frame="1" z_index="8" m_a="0.587533" m_b="0.000000" m_c="0.000000" m_d="0.587108" m_tx="-91.280502" m_ty="-194.423340"/>
   <element name="trashcan" layername="timeline_2" frame="2" z_index="7" m_a="0.531792" m_b="0.249784" m_c="-0.249603" m_d="0.531408" m_tx="-42.613411" m_ty="-348.700165"/>
  </frame>
  <frame idx="600" w="549" h="765" x="-24.500000" y="-275.441040">
   <element name="trashcan/images" layername="timeline_0" frame="1" z_index="9" m_a="1.000000" m_b="0.000000" m_c="0.000000" m_d="1.000000" m_tx="-89.000000" m_ty="-0.666667"/>
   <element name="trashcan" layername="timeline_1" frame="1" z_index="8" m_a="0.587533" m_b="0.000000" m_c="0.000000" m_d="0.587108" m_tx="-91.280502" m_ty="-194.423340"/>
   <element name="trashcan" layername="timeline_2" frame="2" z_index="7" m_a="0.531792" m_b="0.249784" m_c="-0.249603" m_d="0.531408" m_tx="-42.613411" m_ty="-348.700165"/>
  </frame>
  <frame idx="625" w="549" h="765" x="-24.500000" y="-275.441040">
   <element name="trashcan/images" layername="timeline_0" frame="1" z_index="9" m_a="1.000000" m_b="0.000000" m_c="0.000000" m_d="1.000000" m_tx="-89.000000" m_ty="-0.666667"/>
   <element name="trashcan" layername="timeline_1" frame="1" z_index="8" m_a="0.587533" m_b="0.000000" m_c="0.000000" m_d="0.587108" m_tx="-91.280502" m_ty="-194.423340"/>
   <element name="trashcan" layername="timeline_2" frame="2" z_index="7" m_a="0.531792" m_b="0.249784" m_c="-0.249603" m_d="0.531408" m_tx="-42.613411" m_ty="-348.700165"/>
  </frame>
  <frame idx="650" w="549" h="765" x="-24.500000" y="-275.441040">
   <element name="trashcan/images" layername="timeline_0" frame="1" z_index="9" m_a="1.000000" m_b="0.000000" m_c="0.000000" m_d="1.000000" m_tx="-89.000000" m_ty="-0.666667"/>
   <element name="trashcan" layername="timeline_1" frame="1" z_index="8" m_a="0.587533" m_b="0.000000" m_c="0.000000" m_d="0.587108" m_tx="-91.280502" m_ty="-194.423340"/>
   <element name="trashcan" layername="timeline_2" frame="2" z_index="7" m_a="0.531792" m_b="0.249784" m_c="-0.249603" m_d="0.531408" m_tx="-42.613411" m_ty="-348.700165"/>
  </frame>
  <frame idx="675" w="549" h="765" x="-24.500000" y="-275.441040">
   <element name="trashcan/images" layername="timeline_0" frame="1" z_index="9" m_a="1.000000" m_b="0.000000" m_c="0.000000" m_d="1.000000" m_tx="-89.000000" m_ty="-0.666667"/>
   <element name="trashcan" layername="timeline_1" frame="1" z_index="8" m_a="0.587533" m_b="0.000000" m_c="0.000000" m_d="0.587108" m_tx="-91.280502" m_ty="-194.423340"/>
   <element name="trashcan" layername="timeline_2" frame="2" z_index="7" m_a="0.531792" m_b="0.249784" m_c="-0.249603" m_d="0.531408" m_tx="-42.613411" m_ty="-348.700165"/>
  </frame>
  <frame idx="700" w="549" h="765" x="-24.500000" y="-275.441040">
   <element name="trashcan/images" layername="timeline_0" frame="1" z_index="9" m_a="1.000000" m_b="0.000000" m_c="0.000000" m_d="1.000000" m_tx="-89.000000" m_ty="-0.666667"/>
   <element name="trashcan" layername="timeline_1" frame="1" z_index="8" m_a="0.587533" m_b="0.000000" m_c="0.000000" m_d="0.587108" m_tx="-91.280502" m_ty="-194.423340"/>
   <element name="trashcan" layername="timeline_2" frame="2" z_index="7" m_a="0.531792" m_b="0.249784" m_c="-0.249603" m_d="0.531408" m_tx="-42.613411" m_ty="-348.700165"/>
  </frame>
  <frame idx="725" w="549" h="765" x="-24.500000" y="-275.441040">
   <element name="trashcan/images" layername="timeline_0" frame="1" z_index="9" m_a="1.000000" m_b="0.000000" m_c="0.000000" m_d="1.000000" m_tx="-89.000000" m_ty="-0.666667"/>
   <element name="trashcan" layername="timeline_1" frame="1" z_index="8" m_a="0.587533" m_b="0.000000" m_c="0.000000" m_d="0.587108" m_tx="-91.280502" m_ty="-194.423340"/>
   <element name="trashcan" layername="timeline_2" frame="2" z_index="7" m_a="0.531792" m_b="0.249784" m_c="-0.249603" m_d="0.531408" m_tx="-42.613411" m_ty="-348.700165"/>
  </frame>
  <frame idx="750" w="549" h="765" x="-24.500000" y="-275.441040">
   <element name="trashcan/images" layername="timeline_0" frame="1" z_index="9" m_a="1.000000" m_b="0.000000" m_c="0.000000" m_d="1.000000" m_tx="-89.000000" m_ty="-0.666667"/>
   <element name="trashcan" layername="timeline_1" frame="1" z_index="8" m_a="0.587533" m_b="0.000000" m_c="0.000000" m_d="0.587108" m_tx="-91.280502" m_ty="-194.423340"/>
   <element name="trashcan" layername="timeline_2" frame="2" z_index="7" m_a="0.531792" m_b="0.249784" m_c="-0.249603" m_d="0.531408" m_tx="-42.613411" m_ty="-348.700165"/>
  </frame>
  <frame idx="775" w="549" h="765" x="-24.500000" y="-275.441040">
   <element name="trashcan/images" layername="timeline_0" frame="1" z_index="9" m_a="1.000000" m_b="0.000000" m_c="0.000000" m_d="1.000000" m_tx="-89.000000" m_ty="-0.666667"/>
   <element name="trashcan" layername="timeline_1" frame="1" z_index="8" m_a="0.587533" m_b="0.000000" m_c="0.000000" m_d="0.587108" m_tx="-91.280502" m_ty="-194.423340"/>
   <element name="trashcan" layername="timeline_2" frame="2" z_index="7" m_a="0.531792" m_b="0.249784" m_c="-0.249603" m_d="0.531408" m_tx="-42.613411" m_ty="-348.700165"/>
  </frame>
  <frame idx="800" w="549" h="765" x="-24.500000" y="-275.441040">
   <element name="trashcan/images" layername="timeline_0" frame="1" z_index="9" m_a="1.000000" m_b="0.000000" m_c="0.000000" m_d="1.000000" m_tx="-89.000000" m_ty="-0.666667"/>
   <element name="trashcan" layername="timeline_1" frame="1" z_index="8" m_a="0.587533" m_b="0.000000" m_c="0.000000" m_d="0.587108" m_tx="-91.280502" m_ty="-194.423340"/>
   <element name="trashcan" layername="timeline_2" frame="2" z_index="7" m_a="0.531792" m_b="0.249784" m_c="-0.249603" m_d="0.531408" m_tx="-42.613411" m_ty="-348.700165"/>
  </frame>
  <frame idx="825" w="549" h="765" x="-24.500000" y="-275.441040">
   <element name="trashcan/images" layername="timeline_0" frame="1" z_index="9" m_a="1.000000" m_b="0.000000" m_c="0.000000" m_d="1.000000" m_tx="-89.000000" m_ty="-0.666667"/>
   <element name="trashcan" layername="timeline_1" frame="1" z_index="8" m_a="0.587533" m_b="0.000000" m_c="0.000000" m_d="0.587108" m_tx="-91.280502" m_ty="-194.423340"/>
   <element name="trashcan" layername="timeline_2" frame="2" z_index="7" m_a="0.531792" m_b="0.249784" m_c="-0.249603" m_d="0.531408" m_tx="-42.613411" m_ty="-348.700165"/>
  </frame>
  <frame idx="850" w="549" h="765" x="-24.500000" y="-275.441040">
   <element name="trashcan/images" layername="timeline_0" frame="1" z_index="9" m_a="1.000000" m_b="0.000000" m_c="0.000000" m_d="1.000000" m_tx="-89.000000" m_ty="-0.666667"/>
   <element name="trashcan" layername="timeline_1" frame="1" z_index="8" m_a="0.587533" m_b="0.000000" m_c="0.000000" m_d="0.587108" m_tx="-91.280502" m_ty="-194.423340"/>
   <element name="trashcan" layername="timeline_2" frame="2" z_index="7" m_a="0.531792" m_b="0.249784" m_c="-0.249603" m_d="0.531408" m_tx="-42.613411" m_ty="-348.700165"/>
  </frame>
  <frame idx="875" w="549" h="765" x="-24.500000" y="-275.441040">
   <element name="trashcan/images" layername="timeline_0" frame="1" z_index="9" m_a="1.000000" m_b="0.000000" m_c="0.000000" m_d="1.000000" m_tx="-89.000000" m_ty="-0.666667"/>
   <element name="trashcan" layername="timeline_1" frame="1" z_index="8" m_a="0.587533" m_b="0.000000" m_c="0.000000" m_d="0.587108" m_tx="-91.280502" m_ty="-194.423340"/>
   <element name="trashcan" layername="timeline_2" frame="2" z_index="7" m_a="0.531792" m_b="0.249784" m_c="-0.249603" m_d="0.531408" m_tx="-42.613411" m_ty="-348.700165"/>
  </frame>
  <frame idx="900" w="549" h="765" x="-24.500000" y="-275.441040">
   <element name="trashcan/images" layername="timeline_0" frame="1" z_index="9" m_a="1.000000" m_b="0.000000" m_c="0.000000" m_d="1.000000" m_tx="-89.000000" m_ty="-0.666667"/>
   <element name="trashcan" layername="timeline_1" frame="1" z_index="8" m_a="0.587533" m_b="0.000000" m_c="0.000000" m_d="0.587108" m_tx="-91.280502" m_ty="-194.423340"/>
   <element name="trashcan" layername="timeline_2" frame="2" z_index="7" m_a="0.531792" m_b="0.249784" m_c="-0.249603" m_d="0.531408" m_tx="-42.613411" m_ty="-348.700165"/>
  </frame>
  <frame idx="925" w="549" h="765" x="-24.500000" y="-275.441040">
   <element name="trashcan/images" layername="timeline_0" frame="1" z_index="9" m_a="1.000000" m_b="0.000000" m_c="0.000000" m_d="1.000000" m_tx="-89.000000" m_ty="-0.666667"/>
   <element name="trashcan" layername="timeline_1" frame="1" z_index="8" m_a="0.587533" m_b="0.000000" m_c="0.000000" m_d="0.587108" m_tx="-91.280502" m_ty="-194.423340"/>
   <element name="trashcan" layername="timeline_2" frame="2" z_index="7" m_a="0.531792" m_b="0.249784" m_c="-0.249603" m_d="0.531408" m_tx="-42.613411" m_ty="-348.700165"/>
  </frame>
  <frame idx="950" w="549" h="765" x="-24.500000" y="-275.441040">
   <element name="trashcan/images" layername="timeline_0" frame="1" z_index="9" m_a="1.000000" m_b="0.000000" m_c="0.000000" m_d="1.000000" m_tx="-89.000000" m_ty="-0.666667"/>
   <element name="trashcan" layername="timeline_1" frame="1" z_index="8" m_a="0.587533" m_b="0.000000" m_c="0.000000" m_d="0.587108" m_tx="-91.280502" m_ty="-194.423340"/>
   <element name="trashcan" layername="timeline_2" frame="2" z_index="7" m_a="0.531792" m_b="0.249784" m_c="-0.249603" m_d="0.531408" m_tx="-42.613411" m_ty="-348.700165"/>
  </frame>
  <frame idx="975" w="549" h="765" x="-24.500000" y="-275.441040">
   <element name="trashcan/images" layername="timeline_0" frame="1" z_index="9" m_a="1.000000" m_b="0.000000" m_c="0.000000" m_d="1.000000" m_tx="-89.000000" m_ty="-0.666667"/>
   <element name="trashcan" layername="timeline_1" frame="1" z_index="8" m_a="0.587533" m_b="0.000000" m_c="0.000000" m_d="0.587108" m_tx="-91.280502" m_ty="-194.423340"/>
   <element name="trashcan" layername="timeline_2" frame="2" z_index="7" m_a="0.531792" m_b="0.249784" m_c="-0.249603" m_d="0.531408" m_tx="-42.613411" m_ty="-348.700165"/>
  </frame>
 </anim>
 <anim name="burn" root="trashcan" numframes="1000" framerate="40">
  <frame idx="0" w="549" h="766" x="-24.500000" y="-276.623657">
   <element name="trashcan/images" layername="timeline_0" frame="1" z_index="9" m_a="1.000000" m_b="0.000000" m_c="0.000000" m_d="1.000000" m_tx="-89.000000" m_ty="-0.666667"/>
   <element name="trashcan" layername="timeline_1" frame="1" z_index="8" m_a="0.587533" m_b="0.000000" m_c="0.000000" m_d="0.587108" m_tx="-91.280502" m_ty="-194.423340"/>
   <element name="trashcan" layername="timeline_2" frame="2" z_index="7" m_a="0.587533" m_b="0.000000" m_c="0.000000" m_d="0.587108" m_tx="-94.218285" m_ty="-274.857117"/>
  </frame>
  <frame idx="25" w="549" h="762" x="-24.500000" y="-272.761353">
   <element name="trashcan/images" layername="timeline_0" frame="1" z_index="9" m_a="1.000000" m_b="0.000000" m_c="0.000000" m_d="1.000000" m_tx="-89.000000" m_ty="-0.666667"/>
   <element name="trashcan" layername="timeline_1" frame="1" z_index="8" m_a="0.587533" m_b="0.000000" m_c="0.000000" m_d="0.587108" m_tx="-91.280502" m_ty="-194.423340"/>
   <element name="trashcan" layername="timeline_2" frame="2" z_index="7" m_a="0.586993" m_b="0.025177" m_c="-0.025159" m_d="0.586569" m_tx="-90.568581" m_ty="-279.595093"/>
  </frame>
  <frame idx="50" w="549" h="758" x="-24.500000" y="-269.367493">
   <element name="trashcan/images" layername="timeline_0" frame="1" z_index="9" m_a="1.000000" m_b="0.000000" m_c="0.000000" m_d="1.000000" m_tx="-89.000000" m_ty="-0.666667"/>
   <element name="trashcan" layername="timeline_1" frame="1" z_index="8" m_a="0.587533" m_b="0.000000" m_c="0.000000" m_d="0.587108" m_tx="-91.280502" m_ty="-194.423340"/>
   <element name="trashcan" layername="timeline_2" frame="2" z_index="7" m_a="0.585375" m_b="0.050309" m_c="-0.050272" m_d="0.584952" m_tx="-86.719193" m_ty="-284.172363"/>
  </frame>
  <frame idx="75" w="549" h="754" x="-24.500000" y="-265.448364">
   <element name="trashcan/images" layername="timeline_0" frame="1" z_index="9" m_a="1.000000" m_b="0.000000" m_c="0.000000" m_d="1.000000" m_tx="-89.000000" m_ty="-0.666667"/>
   <element name="trashcan" layername="timeline_1" frame="1" z_index="8" m_a="0.587533" m_b="0.000000" m_c="0.000000" m_d="0.587108" m_tx="-91.280502" m_ty="-194.423340"/>
   <element name="trashcan" layername="timeline_2" frame="2" z_index="7" m_a="0.582682" m_b="0.075347" m_c="-0.075293" m_d="0.582260" m_tx="-82.677216" m_ty="-288.580444"/>
  </frame>
  <frame idx="100" w="549" h="762" x="-24.500000" y="-272.791199">
   <element name="trashcan/images" layername="timeline_0" frame="1" z_index="9" m_a="1.000000" m_b="0.000000" m_c="0.000000" m_d="1.000000" m_tx="-89.000000" m_ty="-0.666667"/>
   <element name="trashcan" layername="timeline_1" frame="1" z_index="8" m_a="0.587533" m_b="0.000000" m_c="0.000000" m_d="0.587108" m_tx="-91.280502" m_ty="-194.423340"/>
   <element name="trashcan" layername="timeline_2" frame="2" z_index="7" m_a="0.587003" m_b="0.024955" m_c="-0.024937" m_d="0.586578" m_tx="-90.601738" m_ty="-279.553925"/>
  </frame>
  <frame idx="125" w="552" h="770" x="-24.500000" y="-280.506744">
   <element name="trashcan/images" layername="timeline_0" frame="1" z_index="9" m_a="1.000000" m_b="0.000000" m_c="0.000000" m_d="1.000000" m_tx="-89.000000" m_ty="-0.666667"/>
   <element name="trashcan" layername="timeline_1" frame="1" z_index="8" m_a="0.587533" m_b="0.000000" m_c="0.000000" m_d="0.587108" m_tx="-91.280502" m_ty="-194.423340"/>
   <element name="trashcan" layername="timeline_2" frame="2" z_index="7" m_a="0.586974" m_b="-0.025623" m_c="0.025604" m_d="0.586549" m_tx="-97.720650" m_ty="-269.879211"/>
  </frame>
  <frame idx="150" w="558" h="778" x="-25.000000" y="-287.544983">
   <element name="trashcan/images" layername="timeline_0" frame="1" z_index="9" m_a="1.000000" m_b="0.000000" m_c="0.000000" m_d="1.000000" m_tx="-89.000000" m_ty="-0.666667"/>
   <element name="trashcan" layername="timeline_1" frame="1" z_index="8" m_a="0.587533" m_b="0.000000" m_c="0.000000" m_d="0.587108" m_tx="-91.280502" m_ty="-194.423340"/>
   <element name="trashcan" layername="timeline_2" frame="2" z_index="7" m_a="0.582595" m_b="-0.076010" m_c="0.075955" m_d="0.582174" m_tx="-103.981033" m_ty="-259.628174"/>
  </frame>
  <frame idx="175" w="561" h="784" x="-25.500000" y="-292.682007">
   <element name="trashcan/images" layername="timeline_0" frame="1" z_index="9" m_a="1.000000" m_b="0.000000" m_c="0.000000" m_d="1.000000" m_tx="-89.000000" m_ty="-0.666667"/>
   <element name="trashcan" layername="timeline_1" frame="1" z_index="8" m_a="0.587533" m_b="0.000000" m_c="0.000000" m_d="0.587108" m_tx="-91.280502" m_ty="-194.423340"/>
   <element name="trashcan" layername="timeline_2" frame="2" z_index="7" m_a="0.576664" m_b="-0.112489" m_c="0.112408" m_d="0.576247" m_tx="-107.985344" m_ty="-251.817734"/>
  </frame>
  <frame idx="200" w="560" h="778" x="-25.500000" y="-287.847107">
   <element name="trashcan/images" layername="timeline_0" frame="1" z_index="9" m_a="1.000000" m_b="0.000000" m_c="0.000000" m_d="1.000000" m_tx="-89.000000" m_ty="-0.666667"/>
   <element name="trashcan" layername="timeline_1" frame="1" z_index="8" m_a="0.587533" m_b="0.000000" m_c="0.000000" m_d="0.587108" m_tx="-91.280502" m_ty="-194.423340"/>
   <element name="trashcan" layername="timeline_2" frame="2" z_index="7" m_a="0.582283" m_b="-0.078367" m_c="0.078311" m_d="0.581862" m_tx="-104.253349" m_ty="-259.133453"/>
  </frame>
  <frame idx="225" w="555" h="773" x="-25.000000" y="-282.905670">
   <element name="trashcan/images" layername="timeline_0" frame="1" z_index="9" m_a="1.000000" m_b="0.000000" m_c="0.000000" m_d="1.000000" m_tx="-89.000000" m_ty="-0.666667"/>
   <element name="trashcan" layername="timeline_1" frame="1" z_index="8" m_a="0.587533" m_b="0.000000" m_c="0.000000" m_d="0.587108" m_tx="-91.280502" m_ty="-194.423340"/>
   <element name="trashcan" layername="timeline_2" frame="2" z_index="7" m_a="0.585885" m_b="-0.043974" m_c="0.043942" m_d="0.585461" m_tx="-100.097412" m_ty="-266.216949"/>
  </frame>
  <frame idx="250" w="549" h="767" x="-24.500000" y="-277.873108">
   <element name="trashcan/images" layername="timeline_0" frame="1" z_index="9" m_a="1.000000" m_b="0.000000" m_c="0.000000" m_d="1.000000" m_tx="-89.000000" m_ty="-0.666667"/>
   <element name="trashcan" layername="timeline_1" frame="1" z_index="8" m_a="0.587533" m_b="0.000000" m_c="0.000000" m_d="0.587108" m_tx="-91.280502" m_ty="-194.423340"/>
   <element name="trashcan" layername="timeline_2" frame="2" z_index="7" m_a="0.587457" m_b="-0.009429" m_c="0.009422" m_d="0.587032" m_tx="-95.531944" m_ty="-273.043671"/>
  </frame>
  <frame idx="275" w="549" h="762" x="-24.500000" y="-272.765076">
   <element name="trashcan/images" layername="timeline_0" frame="1" z_index="9" m_a="1.000000" m_b="0.000000" m_c="0.000000" m_d="1.000000" m_tx="-89.000000" m_ty="-0.666667"/>
   <element name="trashcan" layername="timeline_1" frame="1" z_index="8" m_a="0.587533" m_b="0.000000" m_c="0.000000" m_d="0.587108" m_tx="-91.280502" m_ty="-194.423340"/>
   <element name="trashcan" layername="timeline_2" frame="2" z_index="7" m_a="0.586995" m_b="0.025150" m_c="-0.025131" m_d="0.586570" m_tx="-90.572746" m_ty="-279.589966"/>
  </frame>
  <frame idx="300" w="549" h="756" x="-24.500000" y="-267.597595">
   <element name="trashcan/images" layername="timeline_0" frame="1" z_index="9" m_a="1.000000" m_b="0.000000" m_c="0.000000" m_d="1.000000" m_tx="-89.000000" m_ty="-0.666667"/>
   <element name="trashcan" layername="timeline_1" frame="1" z_index="8" m_a="0.587533" m_b="0.000000" m_c="0.000000" m_d="0.587108" m_tx="-91.280502" m_ty="-194.423340"/>
   <element name="trashcan" layername="timeline_2" frame="2" z_index="7" m_a="0.584498" m_b="0.059641" m_c="-0.059597" m_d="0.584075" m_tx="-85.236984" m_ty="-285.833130"/>
  </frame>
  <frame idx="325" w="549" h="752" x="-24.500000" y="-263.247681">
   <element name="trashcan/images" layername="timeline_0" frame="1" z_index="9" m_a="1.000000" m_b="0.000000" m_c="0.000000" m_d="1.000000" m_tx="-89.000000" m_ty="-0.666667"/>
   <element name="trashcan" layername="timeline_1" frame="1" z_index="8" m_a="0.587533" m_b="0.000000" m_c="0.000000" m_d="0.587108" m_tx="-91.280502" m_ty="-194.423340"/>
   <element name="trashcan" layername="timeline_2" frame="2" z_index="7" m_a="0.580393" m_b="0.091317" m_c="-0.091251" m_d="0.579973" m_tx="-79.990143" m_ty="-291.311584"/>
  </frame>
  <frame idx="350" w="549" h="756" x="-24.500000" y="-267.528625">
   <element name="trashcan/images" layername="timeline_0" frame="1" z_index="9" m_a="1.000000" m_b="0.000000" m_c="0.000000" m_d="1.000000" m_tx="-89.000000" m_ty="-0.666667"/>
   <element name="trashcan" layername="timeline_1" frame="1" z_index="8" m_a="0.587533" m_b="0.000000" m_c="0.000000" m_d="0.587108" m_tx="-91.280502" m_ty="-194.423340"/>
   <element name="trashcan" layername="timeline_2" frame="2" z_index="7" m_a="0.584446" m_b="0.060146" m_c="-0.060103" m_d="0.584024" m_tx="-85.155823" m_ty="-285.922546"/>
  </frame>
  <frame idx="375" w="549" h="761" x="-24.500000" y="-272.273987">
   <element name="trashcan/images" layername="timeline_0" frame="1" z_index="9" m_a="1.000000" m_b="0.000000" m_c="0.000000" m_d="1.000000" m_tx="-89.000000" m_ty="-0.666667"/>
   <element name="trashcan" layername="timeline_1" frame="1" z_index="8" m_a="0.587533" m_b="0.000000" m_c="0.000000" m_d="0.587108" m_tx="-91.280502" m_ty="-194.423340"/>
   <element name="trashcan" layername="timeline_2" frame="2" z_index="7" m_a="0.586827" m_b="0.028803" m_c="-0.028783" m_d="0.586402" m_tx="-90.025948" m_ty="-280.264923"/>
  </frame>
  <frame idx="400" w="549" h="766" x="-24.500000" y="-276.971680">
   <element name="trashcan/images" layername="timeline_0" frame="1" z_index="9" m_a="1.000000" m_b="0.000000" m_c="0.000000" m_d="1.000000" m_tx="-89.000000" m_ty="-0.666667"/>
   <element name="trashcan" layername="timeline_1" frame="1" z_index="8" m_a="0.587533" m_b="0.000000" m_c="0.000000" m_d="0.587108" m_tx="-91.280502" m_ty="-194.423340"/>
   <element name="trashcan" layername="timeline_2" frame="2" z_index="7" m_a="0.587527" m_b="-0.002622" m_c="0.002620" m_d="0.587102" m_tx="-94.586517" m_ty="-274.354950"/>
  </frame>
  <frame idx="425" w="554" h="772" x="-25.000000" y="-281.609558">
   <element name="trashcan/images" layername="timeline_0" frame="1" z_index="9" m_a="1.000000" m_b="0.000000" m_c="0.000000" m_d="1.000000" m_tx="-89.000000" m_ty="-0.666667"/>
   <element name="trashcan" layername="timeline_1" frame="1" z_index="8" m_a="0.587533" m_b="0.000000" m_c="0.000000" m_d="0.587108" m_tx="-91.280502" m_ty="-194.423340"/>
   <element name="trashcan" layername="timeline_2" frame="2" z_index="7" m_a="0.586546" m_b="-0.034040" m_c="0.034015" m_d="0.586122" m_tx="-98.824486" m_ty="-268.209503"/>
  </frame>
  <frame idx="450" w="558" h="777" x="-25.000000" y="-286.175873">
   <element name="trashcan/images" layername="timeline_0" frame="1" z_index="9" m_a="1.000000" m_b="0.000000" m_c="0.000000" m_d="1.000000" m_tx="-89.000000" m_ty="-0.666667"/>
   <element name="trashcan" layername="timeline_1" frame="1" z_index="8" m_a="0.587533" m_b="0.000000" m_c="0.000000" m_d="0.587108" m_tx="-91.280502" m_ty="-194.423340"/>
   <element name="trashcan" layername="timeline_2" frame="2" z_index="7" m_a="0.583886" m_b="-0.065361" m_c="0.065313" m_d="0.583464" m_tx="-102.727722" m_ty="-261.846191"/>
  </frame>
  <frame idx="475" w="552" h="770" x="-24.500000" y="-280.200409">
   <element name="trashcan/images" layername="timeline_0" frame="1" z_index="9" m_a="1.000000" m_b="0.000000" m_c="0.000000" m_d="1.000000" m_tx="-89.000000" m_ty="-0.666667"/>
   <element name="trashcan" layername="timeline_1" frame="1" z_index="8" m_a="0.587533" m_b="0.000000" m_c="0.000000" m_d="0.587108" m_tx="-91.280502" m_ty="-194.423340"/>
   <element name="trashcan" layername="timeline_2" frame="2" z_index="7" m_a="0.587071" m_b="-0.023290" m_c="0.023274" m_d="0.586647" m_tx="-97.410690" m_ty="-270.338837"/>
  </frame>
  <frame idx="500" w="549" h="762" x="-24.500000" y="-273.192322">
   <element name="trashcan/images" layername="timeline_0" frame="1" z_index="9" m_a="1.000000" m_b="0.000000" m_c="0.000000" m_d="1.000000" m_tx="-89.000000" m_ty="-0.666667"/>
   <element name="trashcan" layername="timeline_1" frame="1" z_index="8" m_a="0.587533" m_b="0.000000" m_c="0.000000" m_d="0.587108" m_tx="-91.280502" m_ty="-194.423340"/>
   <element name="trashcan" layername="timeline_2" frame="2" z_index="7" m_a="0.587122" m_b="0.021966" m_c="-0.021950" m_d="0.586698" m_tx="-91.045647" m_ty="-278.999176"/>
  </frame>
  <frame idx="525" w="549" h="755" x="-24.500000" y="-266.579895">
   <element name="trashcan/images" layername="timeline_0" frame="1" z_index="9" m_a="1.000000" m_b="0.000000" m_c="0.000000" m_d="1.000000" m_tx="-89.000000" m_ty="-0.666667"/>
   <element name="trashcan" layername="timeline_1" frame="1" z_index="8" m_a="0.587533" m_b="0.000000" m_c="0.000000" m_d="0.587108" m_tx="-91.280502" m_ty="-194.423340"/>
   <element name="trashcan" layername="timeline_2" frame="2" z_index="7" m_a="0.583690" m_b="0.067092" m_c="-0.067043" m_d="0.583268" m_tx="-84.032883" m_ty="-287.143921"/>
  </frame>
  <frame idx="550" w="549" h="753" x="-24.500000" y="-264.556213">
   <element name="trashcan/images" layername="timeline_0" frame="1" z_index="9" m_a="1.000000" m_b="0.000000" m_c="0.000000" m_d="1.000000" m_tx="-89.000000" m_ty="-0.666667"/>
   <element name="trashcan" layername="timeline_1" frame="1" z_index="8" m_a="0.587533" m_b="0.000000" m_c="0.000000" m_d="0.587108" m_tx="-91.280502" m_ty="-194.423340"/>
   <element name="trashcan" layername="timeline_2" frame="2" z_index="7" m_a="0.581806" m_b="0.081835" m_c="-0.081776" m_d="0.581385" m_tx="-81.595886" m_ty="-289.697571"/>
  </frame>
  <frame idx="575" w="549" h="759" x="-24.500000" y="-270.375000">
   <element name="trashcan/images" layername="timeline_0" frame="1" z_index="9" m_a="1.000000" m_b="0.000000" m_c="0.000000" m_d="1.000000" m_tx="-89.000000" m_ty="-0.666667"/>
   <element name="trashcan" layername="timeline_1" frame="1" z_index="8" m_a="0.587533" m_b="0.000000" m_c="0.000000" m_d="0.587108" m_tx="-91.280502" m_ty="-194.423340"/>
   <element name="trashcan" layername="timeline_2" frame="2" z_index="7" m_a="0.585966" m_b="0.042877" m_c="-0.042846" m_d="0.585543" m_tx="-87.878998" m_ty="-282.834778"/>
  </frame>
  <frame idx="600" w="549" h="766" x="-24.500000" y="-276.128113">
   <element name="trashcan/images" layername="timeline_0" frame="1" z_index="9" m_a="1.000000" m_b="0.000000" m_c="0.000000" m_d="1.000000" m_tx="-89.000000" m_ty="-0.666667"/>
   <element name="trashcan" layername="timeline_1" frame="1" z_index="8" m_a="0.587533" m_b="0.000000" m_c="0.000000" m_d="0.587108" m_tx="-91.280502" m_ty="-194.423340"/>
   <element name="trashcan" layername="timeline_2" frame="2" z_index="7" m_a="0.587521" m_b="0.003729" m_c="-0.003726" m_d="0.587096" m_tx="-93.690781" m_ty="-275.568420"/>
  </frame>
  <frame idx="625" w="554" h="772" x="-25.000000" y="-281.792053">
   <element name="trashcan/images" layername="timeline_0" frame="1" z_index="9" m_a="1.000000" m_b="0.000000" m_c="0.000000" m_d="1.000000" m_tx="-89.000000" m_ty="-0.666667"/>
   <element name="trashcan" layername="timeline_1" frame="1" z_index="8" m_a="0.587533" m_b="0.000000" m_c="0.000000" m_d="0.587108" m_tx="-91.280502" m_ty="-194.423340"/>
   <element name="trashcan" layername="timeline_2" frame="2" z_index="7" m_a="0.586463" m_b="-0.035436" m_c="0.035411" m_d="0.586039" m_tx="-99.005333" m_ty="-267.930908"/>
  </frame>
  <frame idx="650" w="558" h="777" x="-25.000000" y="-286.546783">
   <element name="trashcan/images" layername="timeline_0" frame="1" z_index="9" m_a="1.000000" m_b="0.000000" m_c="0.000000" m_d="1.000000" m_tx="-89.000000" m_ty="-0.666667"/>
   <element name="trashcan" layername="timeline_1" frame="1" z_index="8" m_a="0.587533" m_b="0.000000" m_c="0.000000" m_d="0.587108" m_tx="-91.280502" m_ty="-194.423340"/>
   <element name="trashcan" layername="timeline_2" frame="2" z_index="7" m_a="0.583557" m_b="-0.068241" m_c="0.068191" m_d="0.583134" m_tx="-103.070374" m_ty="-261.249115"/>
  </frame>
  <frame idx="675" w="552" h="771" x="-24.500000" y="-281.008850">
   <element name="trashcan/images" layername="timeline_0" frame="1" z_index="9" m_a="1.000000" m_b="0.000000" m_c="0.000000" m_d="1.000000" m_tx="-89.000000" m_ty="-0.666667"/>
   <element name="trashcan" layername="timeline_1" frame="1" z_index="8" m_a="0.587533" m_b="0.000000" m_c="0.000000" m_d="0.587108" m_tx="-91.280502" m_ty="-194.423340"/>
   <element name="trashcan" layername="timeline_2" frame="2" z_index="7" m_a="0.586794" m_b="-0.029451" m_c="0.029430" m_d="0.586370" m_tx="-98.225586" m_ty="-269.121857"/>
  </frame>
  <frame idx="700" w="549" h="765" x="-24.500000" y="-275.363800">
   <element name="trashcan/images" layername="timeline_0" frame="1" z_index="9" m_a="1.000000" m_b="0.000000" m_c="0.000000" m_d="1.000000" m_tx="-89.000000" m_ty="-0.666667"/>
   <element name="trashcan" layername="timeline_1" frame="1" z_index="8" m_a="0.587533" m_b="0.000000" m_c="0.000000" m_d="0.587108" m_tx="-91.280502" m_ty="-194.423340"/>
   <element name="trashcan" layername="timeline_2" frame="2" z_index="7" m_a="0.587457" m_b="0.009467" m_c="-0.009460" m_d="0.587032" m_tx="-92.870148" m_ty="-276.656525"/>
  </frame>
  <frame idx="725" w="549" h="759" x="-24.500000" y="-269.634155">
   <element name="trashcan/images" layername="timeline_0" frame="1" z_index="9" m_a="1.000000" m_b="0.000000" m_c="0.000000" m_d="1.000000" m_tx="-89.000000" m_ty="-0.666667"/>
   <element name="trashcan" layername="timeline_1" frame="1" z_index="8" m_a="0.587533" m_b="0.000000" m_c="0.000000" m_d="0.587108" m_tx="-91.280502" m_ty="-194.423340"/>
   <element name="trashcan" layername="timeline_2" frame="2" z_index="7" m_a="0.585541" m_b="0.048344" m_c="-0.048309" m_d="0.585117" m_tx="-87.027565" m_ty="-283.820038"/>
  </frame>
  <frame idx="750" w="549" h="752" x="-24.500000" y="-263.842896">
   <element name="trashcan/images" layername="timeline_0" frame="1" z_index="9" m_a="1.000000" m_b="0.000000" m_c="0.000000" m_d="1.000000" m_tx="-89.000000" m_ty="-0.666667"/>
   <element name="trashcan" layername="timeline_1" frame="1" z_index="8" m_a="0.587533" m_b="0.000000" m_c="0.000000" m_d="0.587108" m_tx="-91.280502" m_ty="-194.423340"/>
   <element name="trashcan" layername="timeline_2" frame="2" z_index="7" m_a="0.581055" m_b="0.087009" m_c="-0.086946" m_d="0.580634" m_tx="-80.723480" m_ty="-290.580994"/>
  </frame>
  <frame idx="775" w="549" h="752" x="-24.500000" y="-263.839966">
   <element name="trashcan/images" layername="timeline_0" frame="1" z_index="9" m_a="1.000000" m_b="0.000000" m_c="0.000000" m_d="1.000000" m_tx="-89.000000" m_ty="-0.666667"/>
   <element name="trashcan" layername="timeline_1" frame="1" z_index="8" m_a="0.587533" m_b="0.000000" m_c="0.000000" m_d="0.587108" m_tx="-91.280502" m_ty="-194.423340"/>
   <element name="trashcan" layername="timeline_2" frame="2" z_index="7" m_a="0.581051" m_b="0.087030" m_c="-0.086967" m_d="0.580631" m_tx="-80.719864" m_ty="-290.584625"/>
  </frame>
  <frame idx="800" w="549" h="754" x="-24.500000" y="-265.163666">
   <element name="trashcan/images" layername="timeline_0" frame="1" z_index="9" m_a="1.000000" m_b="0.000000" m_c="0.000000" m_d="1.000000" m_tx="-89.000000" m_ty="-0.666667"/>
   <element name="trashcan" layername="timeline_1" frame="1" z_index="8" m_a="0.587533" m_b="0.000000" m_c="0.000000" m_d="0.587108" m_tx="-91.280502" m_ty="-194.423340"/>
   <element name="trashcan" layername="timeline_2" frame="2" z_index="7" m_a="0.582410" m_b="0.077420" m_c="-0.077364" m_d="0.581989" m_tx="-82.333313" m_ty="-288.938446"/>
  </frame>
  <frame idx="825" w="549" h="755" x="-24.500000" y="-266.484436">
   <element name="trashcan/images" layername="timeline_0" frame="1" z_index="9" m_a="1.000000" m_b="0.000000" m_c="0.000000" m_d="1.000000" m_tx="-89.000000" m_ty="-0.666667"/>
   <element name="trashcan" layername="timeline_1" frame="1" z_index="8" m_a="0.587533" m_b="0.000000" m_c="0.000000" m_d="0.587108" m_tx="-91.280502" m_ty="-194.423340"/>
   <element name="trashcan" layername="timeline_2" frame="2" z_index="7" m_a="0.583609" m_b="0.067789" m_c="-0.067740" m_d="0.583187" m_tx="-83.919228" m_ty="-287.265930"/>
  </frame>
  <frame idx="850" w="549" h="756" x="-24.500000" y="-267.802277">
   <element name="trashcan/images" layername="timeline_0" frame="1" z_index="9" m_a="1.000000" m_b="0.000000" m_c="0.000000" m_d="1.000000" m_tx="-89.000000" m_ty="-0.666667"/>
   <element name="trashcan" layername="timeline_1" frame="1" z_index="8" m_a="0.587533" m_b="0.000000" m_c="0.000000" m_d="0.587108" m_tx="-91.280502" m_ty="-194.423340"/>
   <element name="trashcan" layername="timeline_2" frame="2" z_index="7" m_a="0.584649" m_b="0.058139" m_c="-0.058097" m_d="0.584226" m_tx="-85.477432" m_ty="-285.567322"/>
  </frame>
  <frame idx="875" w="549" h="759" x="-24.500000" y="-269.616608">
   <element name="trashcan/images" layername="timeline_0" frame="1" z_index="9" m_a="1.000000" m_b="0.000000" m_c="0.000000" m_d="1.000000" m_tx="-89.000000" m_ty="-0.666667"/>
   <element name="trashcan" layername="timeline_1" frame="1" z_index="8" m_a="0.587533" m_b="0.000000" m_c="0.000000" m_d="0.587108" m_tx="-91.280502" m_ty="-194.423340"/>
   <element name="trashcan" layername="timeline_2" frame="2" z_index="7" m_a="0.585530" m_b="0.048473" m_c="-0.048438" m_d="0.585106" m_tx="-87.007317" m_ty="-283.843262"/>
  </frame>
  <frame idx="900" w="549" h="760" x="-24.500000" y="-270.927124">
   <element name="trashcan/images" layername="timeline_0" frame="1" z_index="9" m_a="1.000000" m_b="0.000000" m_c="0.000000" m_d="1.000000" m_tx="-89.000000" m_ty="-0.666667"/>
   <element name="trashcan" layername="timeline_1" frame="1" z_index="8" m_a="0.587533" m_b="0.000000" m_c="0.000000" m_d="0.587108" m_tx="-91.280502" m_ty="-194.423340"/>
   <element name="trashcan" layername="timeline_2" frame="2" z_index="7" m_a="0.586251" m_b="0.038794" m_c="-0.038766" m_d="0.585827" m_tx="-88.508514" m_ty="-282.094177"/>
  </frame>
  <frame idx="925" w="549" h="761" x="-24.500000" y="-272.233398">
   <element name="trashcan/images" layername="timeline_0" frame="1" z_index="9" m_a="1.000000" m_b="0.000000" m_c="0.000000" m_d="1.000000" m_tx="-89.000000" m_ty="-0.666667"/>
   <element name="trashcan" layername="timeline_1" frame="1" z_index="8" m_a="0.587533" m_b="0.000000" m_c="0.000000" m_d="0.587108" m_tx="-91.280502" m_ty="-194.423340"/>
   <element name="trashcan" layername="timeline_2" frame="2" z_index="7" m_a="0.586812" m_b="0.029105" m_c="-0.029084" m_d="0.586387" m_tx="-89.980614" m_ty="-280.320496"/>
  </frame>
  <frame idx="950" w="549" h="762" x="-24.500000" y="-273.535156">
   <element name="trashcan/images" layername="timeline_0" frame="1" z_index="9" m_a="1.000000" m_b="0.000000" m_c="0.000000" m_d="1.000000" m_tx="-89.000000" m_ty="-0.666667"/>
   <element name="trashcan" layername="timeline_1" frame="1" z_index="8" m_a="0.587533" m_b="0.000000" m_c="0.000000" m_d="0.587108" m_tx="-91.280502" m_ty="-194.423340"/>
   <element name="trashcan" layername="timeline_2" frame="2" z_index="7" m_a="0.587212" m_b="0.019408" m_c="-0.019394" m_d="0.586788" m_tx="-91.423172" m_ty="-278.522827"/>
  </frame>
  <frame idx="975" w="549" h="765" x="-24.500000" y="-275.332031">
   <element name="trashcan/images" layername="timeline_0" frame="1" z_index="9" m_a="1.000000" m_b="0.000000" m_c="0.000000" m_d="1.000000" m_tx="-89.000000" m_ty="-0.666667"/>
   <element name="trashcan" layername="timeline_1" frame="1" z_index="8" m_a="0.587533" m_b="0.000000" m_c="0.000000" m_d="0.587108" m_tx="-91.280502" m_ty="-194.423340"/>
   <element name="trashcan" layername="timeline_2" frame="2" z_index="7" m_a="0.587453" m_b="0.009705" m_c="-0.009698" m_d="0.587028" m_tx="-92.835869" m_ty="-276.701508"/>
  </frame>
 </anim>
</Anims>
